,Gender,Married,Dependents,Education,Self_Employed,Property_Area,Loan_Status,ApplicantIncomeLog,CoapplicantIncomeLog,LoanAmountLog,Loan_Amount_Term_Log,Credit_History_Log,TotalIncomeLog
0,1,0,0,0,0,2,1,8.674196940225903,0.0,4.993232487627909,5.8888779583328805,0.6931471805599453,8.674196940225903
1,1,1,1,0,0,0,0,8.430327258394575,7.319202458767848,4.859812404361672,5.8888779583328805,0.6931471805599453,8.714731714015052
2,1,1,0,0,1,2,1,8.006700845440367,0.0,4.204692619390966,5.8888779583328805,0.6931471805599453,8.006700845440367
3,1,1,0,1,0,2,1,7.857093864902493,7.765993079407675,4.795790545596741,5.8888779583328805,0.6931471805599453,8.505525386548555
4,1,0,0,0,0,2,1,8.699681400989512,0.0,4.955827057601261,5.8888779583328805,0.6931471805599453,8.699681400989512
5,1,1,2,0,1,2,1,8.59748202264504,8.34212526333359,5.5909869805108565,5.8888779583328805,0.6931471805599453,9.170975648453906
6,1,1,0,1,0,2,1,7.755338812846501,7.324489979348532,4.564348191467836,5.8888779583328805,0.6931471805599453,8.255828427281829
7,1,1,3,0,0,1,0,8.018625465045748,7.826044013518965,5.0689042022202315,5.8888779583328805,0.0,8.61993026886735
8,1,1,2,0,0,2,1,8.295798110636145,7.3310603052186325,5.1298987149230735,5.8888779583328805,0.6931471805599453,8.618485442898109
9,1,1,1,0,0,1,0,9.460476328353993,9.302828391411333,5.857933154483459,5.8888779583328805,0.6931471805599453,10.077860939480908
10,1,1,2,0,0,2,1,8.071218539969863,6.55250788703459,4.2626798770413155,5.8888779583328805,0.6931471805599453,8.268988209506656
11,1,1,2,0,0,2,1,7.824445930877618,7.518064181233077,4.700480365792416,5.8888779583328805,0.6931471805599453,8.375860015299594
12,1,1,2,0,0,2,1,8.03073492409854,9.000483164987706,5.303304908059076,5.8888779583328805,0.6931471805599453,9.32188174670909
13,1,0,0,0,0,0,0,7.5251007461258,7.951911381854187,4.74493212836325,5.8888779583328805,0.6931471805599453,8.454040376410969
14,1,1,2,0,0,2,1,7.170119543449628,6.99117688712121,2.8903717578961645,4.795790545596741,0.6931471805599453,7.777373602657861
15,1,0,0,0,0,2,1,8.507344855361422,0.0,4.836281906951478,5.8888779583328805,0.6931471805599453,8.507344855361422
16,1,0,1,1,0,2,1,8.187855443695623,0.0,4.61512051684126,5.484796933490655,0.6109597396011685,8.187855443695623
17,0,0,0,0,0,2,0,8.163656176168432,0.0,4.343805421853684,5.8888779583328805,0.0,8.163656176168432
18,1,1,0,1,0,0,0,8.494538500851432,0.0,4.897839799950911,5.8888779583328805,0.6931471805599453,8.494538500851432
19,1,1,0,0,0,2,1,7.8636512654486515,8.160803920954665,4.7535901911063645,5.8377304471659395,0.6931471805599453,8.716207971151853
20,1,1,0,1,0,2,0,8.94389780251682,0.0,4.653960350157523,5.8888779583328805,0.0,8.94389780251682
21,1,1,1,0,0,2,1,8.6921543938039,8.635153989049801,5.755742213586912,5.8888779583328805,0.6931471805599453,9.357121103184378
22,1,1,0,1,0,1,0,7.8636512654486515,7.555905093611346,4.762173934797756,5.8888779583328805,0.0,8.414495793177895
23,1,1,2,1,0,0,0,8.121480374750751,7.559038255443383,4.727387818712341,5.8888779583328805,0.0,8.572249397164315
24,1,1,1,0,0,1,0,8.220941168281389,7.98139158158007,5.0238805208462765,5.8888779583328805,0.6109597396011685,8.80131894766524
25,1,1,0,0,1,1,1,9.165447603085445,0.0,5.2574953720277815,5.8888779583328805,0.6931471805599453,9.165447603085445
26,1,1,0,0,0,1,1,7.937374696163295,7.720461694599721,4.812184355372417,5.8888779583328805,0.6931471805599453,8.527737405291909
27,1,1,2,1,0,2,1,8.34924780056679,6.947937068614968,4.709530201312334,5.8888779583328805,0.6931471805599453,8.569216219483389
28,1,0,0,1,0,2,0,7.27447955877387,0.0,3.58351893845611,5.8888779583328805,0.6931471805599453,7.27447955877387
29,0,0,2,0,0,1,1,8.229777750081887,7.642044402873258,4.795790545596741,5.8888779583328805,0.6931471805599453,8.671458150427666
30,1,1,1,0,0,2,0,8.334951631422452,8.122668023346407,5.308267697401204,5.8888779583328805,0.6109597396011685,8.927446816256198
31,1,0,0,0,0,2,0,8.060855752934316,0.0,4.31748811353631,5.8888779583328805,0.6931471805599453,8.060855752934316
32,1,0,1,0,1,0,0,8.453827315794417,0.0,4.672828834461906,5.8888779583328805,0.6931471805599453,8.453827315794417
33,1,1,0,0,0,1,1,8.160803920954665,7.419380582918691,4.74493212836325,5.8888779583328805,0.6931471805599453,8.550241045462437
34,1,0,3,0,0,0,0,9.433563920090563,8.006700845440367,5.771441123130016,5.8888779583328805,0.6931471805599453,9.648659816955295
35,1,1,0,0,0,2,1,7.730174795246222,7.63433723562832,4.993232487627909,5.8888779583328805,0.6931471805599453,8.37632063253482
36,1,1,0,0,0,2,0,7.511524648390865,7.193685818395111,4.61512051684126,5.8377304471659395,0.0,8.058010800802085
37,0,1,0,0,0,1,1,8.207401833376355,7.286191714702382,4.976733742420574,5.8888779583328805,0.6931471805599453,8.5422759717837
38,1,0,0,0,0,2,1,8.334951631422452,8.88336291691676,5.220355825078324,5.8888779583328805,0.6931471805599453,9.339349052539717
39,1,0,0,1,0,1,1,8.229244416735911,7.419979923661835,4.709530201312334,5.8888779583328805,0.6931471805599453,8.597297435657898
40,1,0,0,0,0,2,0,8.188966863648876,0.0,4.394449154672438,5.8888779583328805,0.6931471805599453,8.188966863648876
41,1,0,0,0,0,2,1,7.496097345175956,7.101675971619444,3.8712010109078907,5.8888779583328805,0.6931471805599453,8.01102337918644
42,1,1,0,0,0,2,1,7.783640596221253,0.0,4.330733340286331,5.8888779583328805,0.6109597396011685,7.783640596221253
43,1,1,0,0,0,1,1,8.279443487712665,7.756623334538857,4.90527477843843,5.8888779583328805,0.6931471805599453,8.744806737401898
44,1,1,0,1,1,2,1,8.454466361507933,0.0,4.574710978503383,5.8377304471659395,0.6931471805599453,8.454466361507933
45,0,0,0,0,0,2,1,8.134760782418645,0.0,4.48863636973214,5.8377304471659395,0.6931471805599453,8.134760782418645
46,1,1,1,0,0,2,1,8.639410824140485,0.0,3.8066624897703196,5.8888779583328805,0.6931471805599453,8.639410824140485
47,1,1,0,0,0,2,1,8.669399124305569,0.0,4.976733742420574,5.8888779583328805,0.6931471805599453,8.669399124305569
48,0,1,0,0,0,2,0,7.8808043446749005,8.14351740579748,4.795790545596741,5.8888779583328805,0.0,8.713746330456916
49,0,0,0,0,0,1,1,8.294299608857235,7.730174795246222,4.976733742420574,5.8888779583328805,0.6931471805599453,8.744488113852922
50,0,1,0,1,0,1,1,7.564757012905729,7.405495663199472,4.61512051684126,5.8888779583328805,0.6931471805599453,8.181160858023409
51,0,0,0,0,0,1,1,8.034955024502159,0.0,4.795790545596741,5.8888779583328805,0.6931471805599453,8.034955024502159
52,0,0,0,0,0,1,0,8.350193650720067,0.0,4.727387818712341,5.8888779583328805,0.6931471805599453,8.350193650720067
53,1,1,2,0,0,2,0,8.43750042250699,0.0,4.90527477843843,5.8888779583328805,0.6931471805599453,8.43750042250699
54,0,1,1,0,1,2,0,9.350189267092581,0.0,5.6594822157596205,5.8888779583328805,0.0,9.350189267092581
55,1,1,2,0,0,1,1,7.9043348420850945,7.0630481633881725,4.584967478670571,5.8888779583328805,0.6931471805599453,8.262558973010657
56,1,1,0,0,0,1,1,7.665284718471351,7.3727463664043285,4.574710978503383,5.8888779583328805,0.6931471805599453,8.222553638396958
57,1,1,0,0,0,0,0,8.121777419161074,7.696667081526462,4.9126548857360515,5.8888779583328805,0.6931471805599453,8.624611588183507
58,1,1,1,0,0,2,1,8.997270906233448,7.719129840906732,5.198497031265825,5.8888779583328805,0.6931471805599453,9.242904362849446
59,1,1,2,1,0,2,1,8.119100837637486,7.958576903813898,4.976733742420574,5.8888779583328805,0.6931471805599453,8.735042754269337
60,1,1,0,0,0,2,1,7.824445930877618,8.241966560231802,4.795790545596741,5.8888779583328805,0.6931471805599453,8.747828608488742
61,1,1,3,0,0,2,1,8.016317898503415,0.0,4.605170185988091,5.8888779583328805,0.6931471805599453,8.016317898503415
62,1,1,0,1,1,0,0,7.867105500316739,8.146129510025405,5.111987788356543,5.198497031265825,0.0,8.70930004894499
63,1,1,1,0,0,0,0,8.506334448081361,0.0,4.993232487627909,5.8888779583328805,0.0,8.506334448081361
64,0,0,0,0,0,1,0,8.334951631422452,0.0,4.762173934797756,5.8888779583328805,0.0,8.334951631422452
65,1,1,0,0,0,1,0,8.652947112393857,8.432941638968646,5.556828061699537,5.8888779583328805,0.6931471805599453,9.242032818708672
66,1,0,0,1,0,2,0,8.071218539969863,7.720905251936778,4.844187086458591,5.198497031265825,0.0,8.60428789826717
67,1,1,1,0,0,2,1,9.282754052485227,0.0,5.746203190540153,5.8888779583328805,0.6931471805599453,9.282754052485227
68,1,1,3,1,1,2,1,8.867990898182093,0.0,4.836281906951478,4.110873864173311,0.6931471805599453,8.867990898182093
69,0,0,0,0,0,1,0,8.366602832783736,0.0,4.919980925828125,5.8888779583328805,0.0,8.366602832783736
70,1,1,0,0,0,2,1,8.073714641109856,8.028455164114252,5.153291594497778,5.8888779583328805,0.6931471805599453,8.744328763999984
71,1,1,2,1,1,1,1,7.53689712956617,7.53689712956617,4.584967478670571,5.8888779583328805,0.6931471805599453,8.229777750081887
72,1,0,0,0,0,1,1,8.160803920954665,0.0,4.406719247264253,5.707110264748875,0.6931471805599453,8.160803920954665
73,1,1,3,1,0,1,0,8.467162257810672,0.0,4.564348191467836,5.8377304471659395,0.0,8.467162257810672
74,1,1,3,0,1,1,1,8.569216219483389,7.481555701909516,5.236441962829949,5.8888779583328805,0.6931471805599453,8.859505484519133
75,1,0,0,0,0,2,0,8.229777750081887,0.0,4.736198448394496,6.175867270105761,0.6931471805599453,8.229777750081887
76,1,0,0,0,0,2,0,8.229777750081887,8.46611040118692,5.176149732573829,5.8888779583328805,0.6931471805599453,9.047939082617358
77,1,1,1,0,1,2,0,6.90875477931522,8.014004994779459,4.709530201312334,5.8888779583328805,0.6931471805599453,8.299783171949787
78,1,1,3,0,0,1,0,8.060855752934316,8.294299608857235,5.198497031265825,5.707110264748875,0.0,8.877381954654766
79,1,1,3,1,1,1,1,8.111928063310739,7.681099001536359,4.875197323201151,5.8888779583328805,0.6109597396011685,8.612503371220562
80,0,0,0,0,0,1,1,8.255048902752295,0.0,4.718498871295094,5.8888779583328805,0.6931471805599453,8.255048902752295
81,1,1,1,0,1,1,1,7.78155595923534,0.0,4.993232487627909,5.8888779583328805,0.6931471805599453,7.78155595923534
82,0,1,2,0,0,2,0,7.229113877793302,7.540090320145325,5.123963979403259,5.8888779583328805,0.6931471805599453,8.089482474360754
83,1,1,0,0,0,1,0,8.699681400989512,7.719129840906732,5.583496308781699,5.8888779583328805,0.6109597396011685,9.018089684104343
84,1,1,1,0,0,2,1,8.291295851905407,0.0,3.9318256327243257,5.484796933490655,0.6931471805599453,8.291295851905407
85,1,0,0,0,0,1,1,7.769378609513984,7.836764783264067,4.919980925828125,5.8888779583328805,0.6931471805599453,8.496582237512113
86,1,1,2,1,0,1,1,8.111928063310739,7.601402334583733,4.605170185988091,5.8888779583328805,0.6109597396011685,8.58185670474196
87,1,1,0,0,0,1,1,7.824445930877618,7.658699558268299,4.653960350157523,5.8888779583328805,0.6931471805599453,8.437933510430605
88,1,0,0,0,0,2,1,9.055672891964043,0.0,5.351858133476067,5.8888779583328805,0.6931471805599453,9.055672891964043
89,1,1,0,0,0,1,1,8.647519453091812,8.335191583433202,5.170483995038151,5.8888779583328805,0.6931471805599453,9.196545660953992
90,1,1,0,0,0,1,1,7.99260665240021,7.972810784121403,4.882801922586371,5.8888779583328805,0.6931471805599453,8.675734219544788
91,1,1,2,0,0,1,1,8.740496729931811,8.640295388550221,5.241747015059643,5.198497031265825,0.6931471805599453,9.384713758920963
92,1,1,2,1,0,2,1,8.09376775793108,7.5071410797276075,4.406719247264253,5.8888779583328805,0.6931471805599453,8.535818655539401
93,1,0,0,0,0,1,1,8.327000740241713,0.0,4.812184355372417,5.8888779583328805,0.6931471805599453,8.327000740241713
94,1,0,0,1,0,1,1,8.19450550976564,0.0,3.2580965380214817,4.795790545596741,0.6931471805599453,8.19450550976564
95,1,0,0,0,0,2,0,8.82217476094608,0.0,4.993232487627909,5.8888779583328805,0.6109597396011685,8.82217476094608
96,0,1,0,0,0,1,1,7.8180279385307285,7.741967899820685,4.927253685157204,5.8888779583328805,0.6931471805599453,8.473659189392508
97,1,1,0,0,0,1,1,7.589841512182657,6.905753276311464,3.9318256327243257,5.8888779583328805,0.6931471805599453,7.99799931797973
98,1,1,0,1,0,1,1,8.340217320947035,0.0,4.7535901911063645,5.198497031265825,0.6931471805599453,8.340217320947035
99,1,1,0,0,0,1,1,7.473069088032197,8.17244681834278,4.882801922586371,5.8888779583328805,0.6931471805599453,8.575650760987806
100,1,1,2,1,0,2,1,8.36380888451688,8.090708716083997,4.897839799950911,5.198497031265825,0.6931471805599453,8.929567707825337
101,1,0,0,0,0,1,1,8.485496104672983,8.244596756382498,5.0238805208462765,5.8888779583328805,0.6931471805599453,9.065314599925925
102,1,1,0,0,0,2,1,9.521568058002977,0.0,4.993232487627909,5.8888779583328805,0.6931471805599453,9.521568058002977
103,1,1,0,0,0,1,1,8.445267451844648,8.18423477409482,4.993232487627909,5.8888779583328805,0.6931471805599453,9.01627006814768
104,1,1,0,0,0,2,1,8.247220052745229,6.626717749249025,5.081404364984463,5.8888779583328805,0.6931471805599453,8.427487278331744
105,1,1,1,0,0,2,1,8.023879992734878,6.938284484016959,4.61512051684126,5.8888779583328805,0.6931471805599453,8.314587291319576
106,1,1,2,0,0,2,1,9.342946336524204,7.027314514039776,5.420534999272285,5.8888779583328805,0.6931471805599453,9.436997742590188
107,1,0,0,1,0,0,0,8.900276348631271,0.0,4.795790545596741,5.8888779583328805,0.6931471805599453,8.900276348631271
108,1,1,2,0,0,2,0,8.243019468989248,8.188966863648876,5.37989735354046,5.8888779583328805,0.0,8.909370405197466
109,1,1,3,1,0,1,1,7.6362696033793735,6.626717749249025,4.553876891600541,6.175867270105761,0.6931471805599453,7.946617563244472
110,1,0,0,0,0,2,1,8.578664513504338,0.0,4.919980925828125,5.8888779583328805,0.6931471805599453,8.578664513504338
111,0,1,0,0,0,1,1,7.982757702011113,7.755338812846501,4.941642422609304,5.8888779583328805,0.6931471805599453,8.568456485353778
112,1,1,0,1,0,0,0,8.181160858023409,8.32239411311117,5.030437921392435,5.8377304471659395,0.0,8.947285869349132
113,0,0,1,0,1,1,1,8.916237731721479,0.0,4.993232487627909,5.8888779583328805,0.6931471805599453,8.916237731721479
114,1,0,0,0,0,1,1,8.527341522468053,0.0,4.77912349311153,5.8888779583328805,0.6931471805599453,8.527341522468053
115,1,1,1,0,0,0,1,9.5876803163585,0.0,5.225746673713201,5.198497031265825,0.6931471805599453,9.5876803163585
116,0,1,0,0,0,1,1,8.060855752934316,7.7336835707759,5.043425116919247,5.8888779583328805,0.6931471805599453,8.603554357064281
117,1,1,1,0,0,2,1,7.703007682479236,7.243512974665481,4.454347296253507,5.8888779583328805,0.6109597396011685,8.19229373114764
118,1,1,0,0,0,0,0,8.624970783589669,7.669961995473577,5.170483995038151,5.8888779583328805,0.6931471805599453,8.95040315983296
119,0,0,0,0,0,2,1,9.250426095515468,0.0,5.560681631015528,5.8888779583328805,0.6931471805599453,9.250426095515468
120,1,1,0,0,0,0,1,8.64259160081057,7.889084407035514,5.198497031265825,5.8888779583328805,0.6931471805599453,9.028218795184895
121,0,0,0,0,0,1,1,8.334951631422452,0.0,3.8066624897703196,5.8888779583328805,0.6931471805599453,8.334951631422452
122,0,0,0,0,0,1,1,7.6676260915849905,9.10286651367095,4.927253685157204,5.8888779583328805,0.0,9.316320695513415
123,1,1,2,0,0,1,1,7.992268643270745,0.0,4.406719247264253,5.8888779583328805,0.6931471805599453,7.992268643270745
124,1,1,0,1,0,0,1,8.366602832783736,7.608374474380783,5.272999558563747,5.8888779583328805,0.6931471805599453,8.750683034784592
125,0,0,0,0,0,0,1,8.214194414852562,0.0,4.543294782270004,5.8888779583328805,0.6109597396011685,8.214194414852562
126,1,1,3,0,0,0,1,10.077608912764742,0.0,5.916202062607435,5.8888779583328805,0.6931471805599453,10.077608912764742
127,1,0,0,0,0,0,1,8.259975659768276,7.40306109109009,4.993232487627909,5.8888779583328805,0.6931471805599453,8.613593685702552
128,1,1,1,0,1,2,0,9.260462981379392,8.25608813381491,5.081404364984463,5.198497031265825,0.0,9.572480355345974
129,1,1,0,0,0,0,0,8.71292443512011,7.851661177889265,5.2094861528414205,5.8888779583328805,0.6109597396011685,9.065314599925925
130,1,0,0,0,1,2,1,9.911802884139842,0.0,6.478509642208569,6.175867270105761,0.6109597396011685,9.911802884139842
131,1,0,0,0,0,2,1,7.608374474380783,7.565275281898931,4.31748811353631,5.8888779583328805,0.6931471805599453,8.279950715722526
132,1,0,0,0,0,1,1,7.908019444632471,0.0,4.2626798770413155,5.8888779583328805,0.6931471805599453,7.908019444632471
133,1,1,0,0,1,1,1,8.149023868051769,0.0,3.2580965380214817,4.795790545596741,0.6931471805599453,8.149023868051769
134,1,0,0,0,0,1,1,8.496173824192162,0.0,4.634728988229636,5.8888779583328805,0.6931471805599453,8.496173824192162
135,1,1,3,0,0,1,0,8.294299608857235,8.955577146281511,5.673323267171492,5.8888779583328805,0.6931471805599453,9.371693622333941
136,0,1,0,0,0,0,0,8.430327258394575,0.0,4.442651256490317,5.8888779583328805,0.6931471805599453,8.430327258394575
137,1,1,2,0,1,2,1,8.106816038947052,8.160803920954665,4.48863636973214,5.8888779583328805,0.6931471805599453,8.827174771362785
138,1,0,0,0,0,1,0,9.615805480084347,0.0,5.493061443340548,5.8888779583328805,0.0,9.615805480084347
139,1,1,2,1,0,0,0,8.343077871169381,7.266128779556451,4.867534450455582,5.8888779583328805,0.6931471805599453,8.636042325254618
140,1,1,2,0,0,0,0,8.525756422076725,7.642044402873258,5.225746673713201,5.8888779583328805,0.6931471805599453,8.871505346165781
141,1,0,0,0,0,2,1,8.59748202264504,0.0,5.1298987149230735,5.8888779583328805,0.6931471805599453,8.59748202264504
142,1,0,0,0,1,1,1,8.846640813100485,0.0,5.170483995038151,5.198497031265825,0.6931471805599453,8.846640813100485
143,1,1,0,0,0,1,1,7.900636613018005,7.618251097876695,4.812184355372417,5.8888779583328805,0.6931471805599453,8.462314529906248
144,1,1,2,0,0,2,1,9.3722891389622,0.0,5.236441962829949,5.198497031265825,0.6931471805599453,9.3722891389622
145,0,1,0,0,0,1,1,7.7540526390357565,8.408939605975982,4.61512051684126,5.8888779583328805,0.6931471805599453,8.827174771362785
146,0,1,2,0,0,2,1,9.60689927061335,0.0,4.2626798770413155,5.8888779583328805,0.6931471805599453,9.60689927061335
147,1,1,1,0,0,2,1,7.3388881338388785,7.262628600974241,3.4339872044851463,5.8888779583328805,0.6931471805599453,7.994294986415977
148,0,0,0,0,0,0,0,9.210440366976515,7.418780882750793,5.420534999272285,5.8888779583328805,0.6931471805599453,9.364519622823856
149,1,1,0,0,0,1,1,8.488999457045455,6.722629794855448,4.836281906951478,5.8888779583328805,0.6931471805599453,8.646641258603124
150,1,0,0,0,0,0,0,8.744806737401898,0.0,4.77912349311153,5.8888779583328805,0.0,8.744806737401898
151,1,1,0,0,1,0,1,7.8547691834991324,8.229777750081887,5.030437921392435,5.8888779583328805,0.6931471805599453,8.752739509447489
152,1,0,0,0,0,2,0,9.123365357961776,0.0,5.5012582105447265,5.8888779583328805,0.6931471805599453,9.123365357961776
153,1,1,2,1,0,0,0,7.73280753042202,0.0,4.736198448394496,5.8888779583328805,0.6931471805599453,7.73280753042202
154,1,0,0,0,0,2,1,8.08794755464267,0.0,3.9318256327243257,5.8888779583328805,0.6931471805599453,8.08794755464267
155,1,1,3,0,0,1,1,10.596634733096073,0.0,6.398594934535208,5.198497031265825,0.0,10.596634733096073
156,1,1,1,0,0,0,1,8.699681400989512,0.0,5.081404364984463,5.8888779583328805,0.6109597396011685,8.699681400989512
157,1,1,1,0,0,2,1,9.163143937145207,0.0,5.236441962829949,5.8888779583328805,0.6931471805599453,9.163143937145207
158,1,0,0,0,0,0,1,8.000014093678072,7.642044402873258,4.795790545596741,5.8888779583328805,0.6931471805599453,8.529911963824011
159,1,1,0,0,0,1,1,8.430327258394575,8.635153989049801,5.545177444479562,5.8888779583328805,0.6931471805599453,9.231024963169014
160,1,1,0,1,0,1,1,7.530479995245536,6.948897222313312,4.59511985013459,5.8888779583328805,0.6931471805599453,7.974188669286011
161,1,1,0,0,0,2,0,8.978912601074276,0.0,5.62040086571715,5.8888779583328805,0.6931471805599453,8.978912601074276
162,1,1,1,0,0,1,0,8.03592636989179,7.155396301896734,4.804021044733257,5.8888779583328805,0.0,8.382518288089635
163,1,1,2,0,0,0,1,8.335191583433202,7.277938572945661,5.0689042022202315,5.8888779583328805,0.6931471805599453,8.633196867172543
164,1,1,0,0,0,2,1,9.140347000155648,0.0,4.330733340286331,5.198497031265825,0.6931471805599453,9.140347000155648
165,1,1,0,0,0,0,1,8.218247926685745,8.06054004653864,5.2094861528414205,5.8377304471659395,0.6931471805599453,8.835501457409778
166,0,1,0,0,0,0,0,8.430327258394575,0.0,4.727387818712341,5.8888779583328805,0.6931471805599453,8.430327258394575
167,1,1,0,0,0,0,1,7.799753318287247,8.111928063310739,4.867534450455582,5.8888779583328805,0.6931471805599453,8.660947155060933
168,1,0,0,0,0,1,0,7.71333788887187,0.0,4.1588830833596715,6.175867270105761,0.0,7.71333788887187
169,1,1,2,0,0,1,1,8.987321812850123,0.0,5.303304908059076,5.8888779583328805,0.6931471805599453,8.987321812850123
170,1,1,0,1,0,0,1,7.5071410797276075,7.478734825567875,4.564348191467836,5.8888779583328805,0.6931471805599453,8.185907481482324
171,1,1,3,0,0,2,1,10.85445020594156,0.0,6.55250788703459,5.707110264748875,0.6931471805599453,10.85445020594156
172,1,1,3,1,0,0,0,8.167068178341237,0.0,4.406719247264253,5.198497031265825,0.6931471805599453,8.167068178341237
173,1,1,0,0,0,1,1,8.649799155964258,8.635153989049801,5.236441962829949,5.8888779583328805,0.6931471805599453,9.335562336729565
174,1,1,0,1,1,1,0,8.376781037699493,6.602587892189336,4.477336814478206,5.8888779583328805,0.6931471805599453,8.533263371593732
175,1,1,0,0,0,0,1,8.159946655578548,7.583247524303362,4.762173934797756,5.8888779583328805,0.6931471805599453,8.60557030203365
176,1,1,2,0,0,0,1,7.6236419465115715,7.3901814282264295,4.624972813284271,5.8888779583328805,0.6931471805599453,8.206583614320751
177,1,1,3,0,0,1,0,8.61558951327243,9.33264649636015,6.206575926724927,5.8888779583328805,0.0,9.73014555852275
178,1,1,1,0,0,1,1,8.229777750081887,0.0,4.762173934797756,5.8888779583328805,0.6931471805599453,8.229777750081887
179,1,0,0,1,0,2,0,7.755338812846501,7.280697195384741,4.634728988229636,6.175867270105761,0.0,8.238801165871548
180,1,1,1,0,0,2,0,8.764209507142002,8.888894669371592,5.198497031265825,5.8888779583328805,0.0,9.521568058002977
181,1,0,0,0,0,0,0,7.558516743045645,8.529911963824011,4.219507705176107,5.8888779583328805,0.6109597396011685,8.850804195756417
182,1,1,0,0,0,1,1,8.434028950155469,0.0,4.304065093204169,5.198497031265825,0.6931471805599453,8.434028950155469
183,1,1,1,0,0,1,0,10.429605648120411,0.0,5.564520407322693,5.8888779583328805,0.6931471805599453,10.429605648120411
184,0,1,0,0,0,1,1,8.195885391314796,0.0,4.6913478822291435,5.8888779583328805,0.6931471805599453,8.195885391314796
185,1,1,0,0,1,1,1,10.57510461454571,8.46611040118692,4.795790545596741,5.8888779583328805,0.6931471805599453,10.6896240399389
186,1,1,1,0,1,0,0,7.686621334944619,0.0,4.204692619390966,5.707110264748875,0.0,7.686621334944619
187,1,1,0,0,0,0,1,7.77653502818524,7.668093709082405,4.07753744390572,5.8888779583328805,0.6109597396011685,8.416709652837914
188,1,1,0,0,1,0,1,6.514712690872529,8.574895901544526,5.1298987149230735,5.8888779583328805,0.6931471805599453,8.694669696546992
189,1,1,0,0,0,0,1,9.140883106960962,0.0,5.241747015059643,5.198497031265825,0.6931471805599453,9.140883106960962
190,1,0,0,1,0,0,1,8.494129251817686,0.0,3.8918202981106265,5.8888779583328805,0.6931471805599453,8.494129251817686
191,1,0,0,0,0,1,0,9.392745258631441,0.0,5.10594547390058,5.8888779583328805,0.6931471805599453,9.392745258631441
192,1,1,0,1,0,2,0,8.705165419719005,0.0,5.081404364984463,5.8888779583328805,0.6931471805599453,8.705165419719005
193,1,0,0,0,0,1,1,8.258163361537619,0.0,4.343805421853684,5.8888779583328805,0.6931471805599453,8.258163361537619
194,1,0,0,0,0,0,1,8.340933226000878,0.0,4.795790545596741,5.8888779583328805,0.6931471805599453,8.340933226000878
195,1,1,1,0,0,1,0,8.047509510981422,7.857093864902493,5.141663556502659,5.8888779583328805,0.6931471805599453,8.649799155964258
196,1,0,0,0,0,0,1,9.028098811982398,8.229777750081887,5.236441962829949,5.8888779583328805,0.6931471805599453,9.399637542506563
197,0,0,0,1,0,2,1,7.553810852008231,7.768956044538331,4.795790545596741,5.8377304471659395,0.6931471805599453,8.360071435644025
198,0,1,0,0,0,1,1,8.136518252115291,7.943427767876372,4.736198448394496,5.8888779583328805,0.6109597396011685,8.73761303680885
199,1,0,0,0,1,2,0,9.305741456739435,0.0,4.430816798843313,5.8888779583328805,0.6931471805599453,9.305741456739435
200,1,1,1,1,0,1,1,7.8636512654486515,7.824445930877618,4.51085950651685,5.8888779583328805,0.6931471805599453,8.537191877922925
201,1,0,2,0,0,1,1,8.501876487304344,0.0,5.1179938124167546,5.8888779583328805,0.0,8.501876487304344
202,1,1,3,1,0,2,0,8.292298107063221,0.0,4.993232487627909,5.198497031265825,0.6931471805599453,8.292298107063221
203,1,1,1,1,0,2,1,8.160803920954665,6.988413181999591,4.9126548857360515,5.8888779583328805,0.6931471805599453,8.430327258394575
204,1,1,2,1,0,1,1,8.273336598504486,0.0,4.828313737302301,5.8888779583328805,0.6931471805599453,8.273336598504486
205,0,0,0,1,0,1,1,8.391403185357937,0.0,4.795790545596741,5.8888779583328805,0.6931471805599453,8.391403185357937
206,0,0,0,0,0,2,1,8.08487062913819,0.0,4.394449154672438,5.8888779583328805,0.6931471805599453,8.08487062913819
207,1,0,0,1,0,0,1,8.288031567776464,7.836764783264067,4.025351690735149,5.8888779583328805,0.6931471805599453,8.780633799494984
208,1,0,0,0,0,2,1,7.8160138391590275,0.0,4.0943445622221,5.8888779583328805,0.6931471805599453,7.8160138391590275
209,1,0,0,0,0,1,0,8.1371033896393,0.0,4.852030263919617,5.8888779583328805,0.6931471805599453,8.1371033896393
210,0,0,0,0,0,1,0,9.210440366976515,0.0,5.3706380281276624,5.8888779583328805,0.6931471805599453,9.210440366976515
211,1,1,3,0,0,1,0,8.14060704285845,7.131698510466911,4.859812404361672,5.8888779583328805,0.0,8.45126704130007
212,1,1,1,0,1,2,1,8.96033936649209,0.0,5.484796933490655,5.8888779583328805,0.6931471805599453,8.96033936649209
213,1,1,3,1,1,0,1,8.648922962094131,0.0,4.875197323201151,5.8888779583328805,0.6931471805599453,8.648922962094131
214,1,1,0,0,0,2,1,8.062747901086354,8.013674142832684,4.927253685157204,5.8888779583328805,0.6931471805599453,8.731497794063243
215,1,1,3,1,0,1,1,8.25608813381491,6.891625897052253,4.61512051684126,5.8888779583328805,0.6931471805599453,8.483429561263428
216,1,1,0,0,0,0,0,5.017279836814924,7.496097345175956,4.9126548857360515,5.8888779583328805,0.6931471805599453,7.576097340623111
217,1,1,0,0,0,1,1,8.22362717580548,7.4821189235521155,4.882801922586371,5.8888779583328805,0.6931471805599453,8.613048677059759
218,1,1,2,0,0,1,0,8.517393171418904,0.0,4.290459441148391,5.8888779583328805,0.0,8.517393171418904
219,0,1,2,0,0,1,1,8.36264243156764,7.77653502818524,4.852030263919617,5.8888779583328805,0.6109597396011685,8.80492526261806
220,1,1,0,0,0,2,0,7.706162970199575,0.0,4.110873864173311,5.8888779583328805,0.0,7.706162970199575
221,1,1,2,0,0,1,1,8.296546520300614,7.4489161025442,4.762173934797756,5.8888779583328805,0.6931471805599453,8.652947112393857
222,1,0,0,0,0,1,1,7.99699040583765,7.934513463882263,4.976733742420574,5.8888779583328805,0.6931471805599453,8.659213451436665
223,1,1,0,0,0,1,1,8.93313654381203,6.918695219020472,5.170483995038151,5.8377304471659395,0.6931471805599453,9.058237593766224
224,1,1,0,0,0,1,1,8.740496729931811,0.0,4.859812404361672,5.8888779583328805,0.6931471805599453,8.740496729931811
225,1,1,0,0,0,0,0,8.086717920303904,0.0,5.141663556502659,5.8888779583328805,0.6931471805599453,8.086717920303904
226,1,1,0,1,1,2,0,8.462948176563842,0.0,4.9344739331306915,5.8888779583328805,0.6931471805599453,8.462948176563842
227,1,1,2,0,0,1,1,8.740496729931811,7.4360278163518485,5.351858133476067,5.8888779583328805,0.6931471805599453,8.980423936374544
228,1,1,0,0,0,1,1,8.46779284112111,0.0,5.0689042022202315,6.175867270105761,0.6931471805599453,8.46779284112111
229,1,0,0,0,1,0,1,8.764209507142002,0.0,5.303304908059076,5.8888779583328805,0.6931471805599453,8.764209507142002
230,1,1,1,0,0,1,1,7.820840879907344,7.628031126930335,4.653960350157523,5.8888779583328805,0.6931471805599453,8.422003004412488
231,1,1,0,0,0,0,1,8.220672170297252,0.0,3.7612001156935624,5.198497031265825,0.6931471805599453,8.220672170297252
232,1,0,0,1,0,0,1,8.06777619577889,7.86288203464149,4.795790545596741,5.8377304471659395,0.6931471805599453,8.663542087751374
233,0,0,0,0,0,1,1,9.028098811982398,0.0,5.638354669333745,5.8888779583328805,0.6931471805599453,9.028098811982398
234,1,1,1,0,0,1,1,8.057060681965764,7.484368643286131,4.948759890378168,5.8888779583328805,0.6931471805599453,8.504107951867582
235,1,1,1,0,0,0,1,8.612685172875457,7.139660335964919,5.141663556502659,5.8888779583328805,0.6931471805599453,8.818926087090677
236,1,1,0,0,0,2,0,8.656433258507741,0.0,5.545177444479562,5.8888779583328805,0.6109597396011685,8.656433258507741
237,0,0,0,0,1,2,1,8.150179269682326,0.0,4.812184355372417,5.8888779583328805,0.6109597396011685,8.150179269682326
238,0,0,1,0,0,0,1,8.246171559857563,0.0,4.727387818712341,5.8888779583328805,0.6931471805599453,8.246171559857563
239,1,1,1,0,0,1,1,8.106514516255185,0.0,4.574710978503383,5.8888779583328805,0.6931471805599453,8.106514516255185
240,1,1,2,0,0,0,1,8.669055540725482,8.517393171418904,4.795790545596741,5.8888779583328805,0.6931471805599453,9.289151552400472
241,1,1,1,1,0,2,0,7.8284363591575845,7.592870287844818,4.948759890378168,5.198497031265825,0.6931471805599453,8.410498452745275
242,1,0,0,0,0,2,1,7.994969522697877,8.648572269472616,5.049856007249537,4.110873864173311,0.6931471805599453,9.067277989134345
243,1,1,2,0,1,0,1,8.740496729931811,7.170888478512505,4.6913478822291435,5.8888779583328805,0.6931471805599453,8.929435283803425
244,1,1,0,1,0,1,1,8.133587417660966,8.393442383980062,4.820281565605037,5.8888779583328805,0.6931471805599453,8.964951211714652
245,1,0,0,0,1,2,0,8.707978826622321,8.374246182096304,4.795790545596741,5.198497031265825,0.6931471805599453,9.248021438943871
246,1,1,2,0,0,2,1,9.180293450623886,0.0,4.727387818712341,5.8888779583328805,0.6931471805599453,9.180293450623886
247,1,1,1,1,0,2,1,8.796187635470453,0.0,4.927253685157204,5.198497031265825,0.6931471805599453,8.796187635470453
248,1,1,1,0,0,1,1,7.966586697638402,7.5196924041165385,4.820281565605037,6.175867270105761,0.6931471805599453,8.460834457746852
249,1,1,0,0,0,2,1,7.501082124259871,7.533158807455562,4.51085950651685,5.8888779583328805,0.6931471805599453,8.210124405164265
250,1,1,0,1,0,1,0,7.419979923661835,8.266421472984554,5.308267697401204,5.8888779583328805,0.0,8.62317351495347
251,0,0,2,0,0,2,0,8.13973227971767,0.0,4.9344739331306915,5.8888779583328805,0.6931471805599453,8.13973227971767
252,1,0,0,1,1,0,1,7.857093864902493,7.681560362559536,4.653960350157523,5.8888779583328805,0.6931471805599453,8.46611040118692
253,1,1,1,1,0,1,1,7.8868329989550565,8.868131713503033,5.634789603169249,5.198497031265825,0.6931471805599453,9.186355009225672
254,1,0,0,0,1,2,0,9.695909724326008,0.0,5.262690188904886,5.8888779583328805,0.0,9.695909724326008
255,0,0,3,0,0,0,1,8.033982734683219,0.0,5.545177444479562,5.8888779583328805,0.6931471805599453,8.033982734683219
256,1,0,0,1,0,0,0,8.707152175339402,0.0,4.7535901911063645,5.8888779583328805,0.0,8.707152175339402
257,1,1,3,0,0,2,0,8.566173813637858,0.0,4.553876891600541,5.8888779583328805,0.6931471805599453,8.566173813637858
258,1,1,0,0,0,0,0,9.594513744616725,7.650168700845001,5.720311776607412,5.8888779583328805,0.6931471805599453,9.728181330636078
259,1,1,3,1,0,1,0,8.503499864284235,0.0,4.859812404361672,5.8888779583328805,0.6109597396011685,8.503499864284235
260,1,1,1,0,0,2,1,8.713417653379183,8.35490952835879,5.802118375377063,5.8888779583328805,0.6109597396011685,9.24319470884713
261,1,0,0,0,0,1,1,7.630946580890459,7.700747794511798,4.90527477843843,5.8888779583328805,0.6931471805599453,8.35936910622267
262,0,0,1,0,0,1,0,8.155362120328133,0.0,5.049856007249537,3.6109179126442243,0.6931471805599453,8.155362120328133
263,0,0,0,0,0,0,1,8.881975184248866,0.0,4.795790545596741,5.8888779583328805,0.6931471805599453,8.881975184248866
264,1,0,0,0,1,1,1,8.550047528287184,0.0,4.859812404361672,5.8888779583328805,0.6931471805599453,8.550047528287184
265,1,0,0,0,0,0,1,8.317766166719343,8.145549631783583,5.0238805208462765,5.8888779583328805,0.6931471805599453,8.928375259853631
266,1,1,2,0,0,1,1,8.457230850243555,7.235619141066749,5.017279836814924,5.8888779583328805,0.6931471805599453,8.715388097366482
267,1,1,3,0,0,2,1,8.374246182096304,7.502186486602924,5.081404364984463,5.8888779583328805,0.0,8.723394022000136
268,0,0,0,0,0,0,0,8.1371033896393,0.0,4.9126548857360515,5.8888779583328805,0.6931471805599453,8.1371033896393
269,0,0,1,0,0,2,1,7.964503363551548,7.353081920515431,4.51085950651685,5.8888779583328805,0.6931471805599453,8.39773375137891
270,0,0,0,0,0,2,1,8.08271113423758,0.0,3.4339872044851463,5.8888779583328805,0.6931471805599453,8.08271113423758
271,1,1,0,0,0,2,1,9.318925682389622,0.0,4.919980925828125,5.8888779583328805,0.6931471805599453,9.318925682389622
272,1,0,0,0,0,0,1,7.949444420250625,7.527255919373784,4.844187086458591,5.8888779583328805,0.6931471805599453,8.453401058328458
273,1,1,0,0,0,1,1,7.8713112033234065,7.707062655370473,5.017279836814924,5.8888779583328805,0.6931471805599453,8.485496104672983
274,1,1,2,0,0,1,1,8.268988209506656,0.0,4.51085950651685,5.8888779583328805,0.6931471805599453,8.268988209506656
275,1,1,1,0,0,1,1,7.919719760924575,7.519149957669823,4.7535901911063645,5.8888779583328805,0.6931471805599453,8.432288684325794
276,1,1,0,0,0,1,1,8.29254851397576,8.094073148069352,5.337538079701318,5.8888779583328805,0.6931471805599453,8.891236429516061
277,1,1,0,0,0,2,1,8.04044688130311,7.170888478512505,4.394449154672438,5.8888779583328805,0.6931471805599453,8.39026849784257
278,1,1,0,0,0,1,1,9.5876803163585,0.0,6.07993319509559,5.8888779583328805,0.6931471805599453,9.5876803163585
279,0,1,0,1,0,0,1,8.318986125392058,0.0,4.828313737302301,5.8888779583328805,0.6109597396011685,8.318986125392058
280,1,0,1,1,1,2,0,8.307459327011944,7.794411205726601,5.0689042022202315,5.8888779583328805,0.0,8.77647578934632
281,1,1,0,0,0,1,1,8.275885669474356,6.685860947068359,4.727387818712341,5.8888779583328805,0.6931471805599453,8.461257559085935
282,1,1,2,0,0,2,1,7.741533589281827,6.894467372292008,4.3694478524670215,5.198497031265825,0.6931471805599453,8.097973923364721
283,0,0,0,0,0,2,1,7.502186486602924,7.418780882750793,4.007333185232471,5.8888779583328805,0.6931471805599453,8.154212694914229
284,1,1,0,0,0,0,0,9.936341889407075,0.0,4.993232487627909,5.8888779583328805,0.6931471805599453,9.936341889407075
285,1,0,0,0,0,0,1,8.058010800802085,8.024207485778577,4.499809670330265,5.8888779583328805,0.6931471805599453,8.734238184268577
286,0,0,0,0,1,1,0,7.8636512654486515,7.4489161025442,4.605170185988091,5.707110264748875,0.6931471805599453,8.370547611074752
287,1,1,0,0,0,0,1,8.217438537730187,7.601402334583733,4.795790545596741,5.8888779583328805,0.6931471805599453,8.649098262296176
288,0,0,0,0,0,1,1,8.32482129876878,0.0,4.7535901911063645,5.8888779583328805,0.6931471805599453,8.32482129876878
289,1,0,0,0,0,0,1,9.159993997539443,0.0,5.236441962829949,5.8888779583328805,0.6931471805599453,9.159993997539443
290,1,1,0,0,0,0,1,8.031385330625534,7.7902823807034824,4.941642422609304,5.8888779583328805,0.6931471805599453,8.61104776688786
291,1,1,2,0,0,1,0,8.38958706681109,0.0,4.852030263919617,5.8888779583328805,0.0,8.38958706681109
292,1,1,2,0,0,2,1,8.056426767522984,7.353081920515431,4.90527477843843,5.8888779583328805,0.6931471805599453,8.458292083496076
293,0,0,0,0,0,2,0,8.59748202264504,0.0,4.969813299576001,6.175867270105761,0.0,8.59748202264504
294,1,1,0,0,0,1,1,7.77653502818524,8.112227958349724,5.153291594497778,5.8888779583328805,0.6931471805599453,8.651374372882257
295,1,1,3,0,0,2,1,8.393216011596525,7.131698510466911,4.709530201312334,5.8888779583328805,0.6931471805599453,8.64241515616962
296,1,1,1,0,0,1,1,8.835792366502739,0.0,5.303304908059076,5.8888779583328805,0.6931471805599453,8.835792366502739
297,0,1,1,0,0,2,1,8.448271745949816,0.0,4.9126548857360515,5.8888779583328805,0.6931471805599453,8.448271745949816
298,0,0,0,0,0,0,0,8.517393171418904,7.840706451749399,5.0238805208462765,6.175867270105761,0.6931471805599453,8.928242677818302
299,1,1,1,0,0,2,0,7.608374474380783,7.98139158158007,4.736198448394496,5.8888779583328805,0.6931471805599453,8.505120610181969
300,1,1,0,1,0,2,0,7.496097345175956,7.984462732262196,4.543294782270004,5.8888779583328805,0.0,8.462737005620179
301,1,1,0,1,0,1,1,7.964155718840937,7.467942332285851,4.663439094112067,5.8888779583328805,0.6931471805599453,8.439447842791385
302,0,0,0,0,0,0,1,8.517393171418904,0.0,4.890349128221754,5.8888779583328805,0.6931471805599453,8.517393171418904
303,1,1,1,0,0,2,1,7.3938782901077555,7.4977617006225685,4.574710978503383,5.8888779583328805,0.6931471805599453,8.14002395246292
304,1,0,0,0,0,0,1,8.294299608857235,7.824445930877618,4.948759890378168,5.8888779583328805,0.6931471805599453,8.77971129020447
305,1,0,0,1,0,2,0,7.601402334583733,0.0,4.993232487627909,5.8888779583328805,0.6931471805599453,7.601402334583733
306,0,0,0,0,0,0,1,8.232971790593437,7.418780882750793,4.9126548857360515,5.8888779583328805,0.6931471805599453,8.59951023390545
307,0,0,0,0,0,2,0,7.783640596221253,7.530479995245536,4.653960350157523,5.8888779583328805,0.0,8.35796296584568
308,1,0,0,0,0,0,0,9.915119636765835,0.0,6.175867270105761,5.8888779583328805,0.6931471805599453,9.915119636765835
309,1,1,2,1,0,0,1,8.944811104165534,0.0,5.225746673713201,5.8888779583328805,0.6109597396011685,8.944811104165534
310,0,0,0,0,0,1,1,7.978653729082731,0.0,4.442651256490317,5.8888779583328805,0.6931471805599453,7.978653729082731
311,1,0,0,1,0,1,1,7.982074875081202,7.785720896534624,4.718498871295094,5.8888779583328805,0.6931471805599453,8.581669210600602
312,0,0,0,0,0,0,1,7.827240901752811,0.0,4.04305126783455,5.8888779583328805,0.6931471805599453,7.827240901752811
313,1,1,2,0,1,0,1,8.656433258507741,0.0,4.976733742420574,4.442651256490317,0.6109597396011685,8.656433258507741
314,1,1,0,0,0,0,0,7.813591552952433,7.5196924041165385,5.075173815233827,5.8888779583328805,0.6931471805599453,8.370315995555478
315,1,1,1,1,0,2,1,8.131530710604252,7.40306109109009,4.718498871295094,5.198497031265825,0.6931471805599453,8.525161361065415
316,1,1,2,0,0,1,1,8.220941168281389,0.0,4.795790545596741,5.8888779583328805,0.6931471805599453,8.220941168281389
317,1,1,0,0,0,2,1,7.629975707027789,7.666221925662724,4.48863636973214,5.8888779583328805,0.6109597396011685,8.341171747170762
318,0,0,1,0,0,1,1,8.17244681834278,0.0,4.727387818712341,5.8888779583328805,0.6109597396011685,8.17244681834278
319,1,1,1,0,1,0,0,9.210440366976515,0.0,5.049856007249537,5.8888779583328805,0.6931471805599453,9.210440366976515
320,1,1,0,0,0,1,1,7.783640596221253,7.681560362559536,4.7535901911063645,5.8888779583328805,0.6931471805599453,8.426830751335846
321,1,1,3,0,0,1,1,8.37632063253482,5.247024072160486,4.828313737302301,5.8888779583328805,0.6931471805599453,8.418918622147897
322,1,1,2,1,0,0,1,8.189244525735901,7.372118028337787,4.993232487627909,5.8888779583328805,0.6931471805599453,8.554874258383926
323,0,0,0,0,0,0,1,8.06054004653864,8.001689978099135,4.890349128221754,5.8888779583328805,0.6109597396011685,8.72453251118548
324,1,1,3,0,0,0,1,9.61587214452889,0.0,5.707110264748875,5.8888779583328805,0.6931471805599453,9.61587214452889
325,1,1,1,0,1,0,0,9.067277989134345,8.51398806046729,5.932245187448011,5.8888779583328805,0.0,9.521494800613105
326,1,0,0,0,0,0,1,8.500657222776137,0.0,4.875197323201151,5.8888779583328805,0.0,8.500657222776137
327,1,1,0,0,1,1,1,8.66888370465667,7.6783263565068856,5.220355825078324,5.8888779583328805,0.6931471805599453,8.984568369308281
328,0,1,0,0,0,2,0,8.374246182096304,7.8046592970561015,4.709530201312334,5.8888779583328805,0.6931471805599453,8.82246957226897
329,0,0,0,0,0,2,1,7.824445930877618,0.0,4.219507705176107,5.8888779583328805,0.6931471805599453,7.824445930877618
330,1,0,1,0,0,2,1,8.385944904806284,7.492203042618741,4.770684624465664,5.8888779583328805,0.6931471805599453,8.728749873478527
331,1,0,0,0,0,1,1,7.984803389734406,0.0,4.59511985013459,5.8888779583328805,0.6931471805599453,7.984803389734406
332,1,0,0,0,0,2,1,7.949444420250625,0.0,4.276666119016055,5.8888779583328805,0.6931471805599453,7.949444420250625
333,1,1,0,0,0,2,1,11.056240743970491,0.0,6.19644412779452,5.198497031265825,0.6931471805599453,11.056240743970491
334,1,1,1,0,1,2,1,9.193601047971885,7.51425465281641,5.2094861528414205,5.198497031265825,0.6931471805599453,9.364519622823856
335,1,1,0,0,1,1,1,8.61323037961318,8.409830673087738,4.2626798770413155,5.8377304471659395,0.6931471805599453,9.20974019190415
336,1,1,1,0,0,0,1,8.566173813637858,6.535241271013659,5.081404364984463,5.8888779583328805,0.6931471805599453,8.68929604801586
337,1,1,2,0,1,0,1,7.824445930877618,8.434028950155469,5.176149732573829,5.8888779583328805,0.6931471805599453,8.867990898182093
338,0,0,3,1,0,2,0,7.5126175446745105,0.0,4.993232487627909,5.8888779583328805,0.0,7.5126175446745105
339,0,0,0,0,0,1,1,8.33351070898294,0.0,4.276666119016055,5.8888779583328805,0.6931471805599453,8.33351070898294
340,1,1,3,1,0,0,0,7.881559917056898,7.370230641807081,5.159055299214529,5.8888779583328805,0.6931471805599453,8.351138607086154
341,0,0,0,0,0,0,0,7.774435510302958,0.0,3.8501476017100584,5.8888779583328805,0.6931471805599453,7.774435510302958
342,1,1,1,1,0,2,1,8.423980809694058,7.114769448366463,5.0689042022202315,5.8888779583328805,0.6931471805599453,8.6628507638386
343,1,1,3,1,0,1,1,8.062747901086354,0.0,4.31748811353631,5.8888779583328805,0.6931471805599453,8.062747901086354
344,1,1,2,0,0,0,1,7.857093864902493,7.7540526390357565,4.836281906951478,5.8888779583328805,0.6931471805599453,8.499843553081124
345,1,1,0,0,0,1,1,7.824046010856292,7.807510042216192,5.081404364984463,5.8888779583328805,0.6931471805599453,8.508757712595136
346,1,1,0,1,0,0,0,8.16735198705607,8.080546965824498,5.030437921392435,5.8888779583328805,0.0,8.817890200945513
347,1,1,2,1,0,2,1,8.033982734683219,7.682021510826874,4.844187086458591,5.8888779583328805,0.6931471805599453,8.566364235422686
348,1,1,0,0,0,1,1,8.753687227098585,8.430327258394575,5.560681631015528,5.8888779583328805,0.6109597396011685,9.29807648628027
349,1,1,0,0,0,0,1,7.873217054862741,8.740496729931811,5.236441962829949,5.8888779583328805,0.6931471805599453,9.091106284052485
350,1,1,0,0,0,1,1,9.114269903225448,0.0,5.433722003554239,5.8888779583328805,0.6931471805599453,9.114269903225448
351,1,0,0,0,0,0,0,9.076923258535832,8.335191583433202,5.733341276897745,5.8888779583328805,0.6931471805599453,9.466376966592417
352,1,1,3,0,0,0,1,7.888709524182014,7.642044402873258,4.564348191467836,5.8888779583328805,0.6931471805599453,8.465899897028686
353,0,1,0,0,1,0,0,8.612685172875457,0.0,4.663439094112067,5.8888779583328805,0.0,8.612685172875457
354,0,1,0,0,0,1,1,7.793174347189205,6.226536669287466,4.875197323201151,5.8888779583328805,0.6931471805599453,7.982416346827733
355,0,0,0,0,0,2,1,8.246433786160365,0.0,4.762173934797756,5.198497031265825,0.6931471805599453,8.246433786160365
356,1,1,2,0,0,0,1,9.028098811982398,8.060855752934316,5.111987788356543,5.8888779583328805,0.6931471805599453,9.350189267092581
357,1,1,1,0,0,2,0,8.262558973010657,0.0,4.219507705176107,5.8888779583328805,0.6931471805599453,8.262558973010657
358,1,1,0,1,0,2,0,8.006700845440367,7.418780882750793,4.61512051684126,6.175867270105761,0.0,8.448271745949816
359,1,1,3,0,0,1,1,8.550241045462437,8.060855752934316,5.303304908059076,5.8888779583328805,0.6931471805599453,9.028218795184895
360,0,0,1,0,0,1,0,8.460411177317253,0.0,4.406719247264253,5.8888779583328805,0.6931471805599453,8.460411177317253
361,1,1,2,0,0,1,1,8.517393171418904,8.207401833376355,5.468060141135131,5.8888779583328805,0.6931471805599453,9.067393362656249
362,1,1,0,0,0,2,1,8.46611040118692,7.755338812846501,4.875197323201151,5.8888779583328805,0.6931471805599453,8.865593998902725
363,1,1,0,0,0,2,1,8.01102337918644,8.017637159908478,4.564348191467836,5.707110264748875,0.6109597396011685,8.707317560273212
364,1,0,0,0,1,0,1,8.828054536815424,0.0,4.955827057601261,5.8888779583328805,0.6931471805599453,8.828054536815424
365,1,0,0,1,0,0,0,8.735042754269337,0.0,4.897839799950911,5.8888779583328805,0.6931471805599453,8.735042754269337
366,1,0,0,0,0,1,0,7.824445930877618,0.0,4.574710978503383,6.175867270105761,0.6931471805599453,7.824445930877618
367,1,0,0,0,0,0,0,8.54188580400661,0.0,4.828313737302301,5.8377304471659395,0.0,8.54188580400661
368,1,1,1,0,0,1,1,8.752423403865594,0.0,5.170483995038151,5.8888779583328805,0.6931471805599453,8.752423403865594
369,1,1,0,0,0,0,0,9.889946281969461,8.569216219483389,6.34738920965601,5.8888779583328805,0.6931471805599453,10.126511096649761
370,0,0,0,0,1,1,1,9.66523036341187,0.0,4.025351690735149,5.8888779583328805,0.6931471805599453,9.66523036341187
371,1,1,2,0,0,1,1,8.55371796609861,0.0,5.049856007249537,5.8888779583328805,0.6931471805599453,8.55371796609861
372,1,1,2,0,1,0,1,9.140347000155648,8.971321471503682,5.9427993751267,5.707110264748875,0.6931471805599453,9.752490228984199
373,1,0,1,0,0,2,0,8.027150106832774,7.594884387216519,4.718498871295094,5.198497031265825,0.0,8.527143522269405
374,0,0,0,0,0,2,1,7.924795913956435,7.286191714702382,4.709530201312334,5.8888779583328805,0.6931471805599453,8.348537825386098
375,1,1,0,0,0,2,1,8.480114183174816,6.828712071641684,4.795790545596741,5.198497031265825,0.6931471805599453,8.655388690167637
376,1,1,3,0,0,0,1,9.076923258535832,8.516593011344204,4.875197323201151,5.8888779583328805,0.6931471805599453,9.52857589747142
377,1,1,0,0,0,1,1,8.368925174747135,0.0,4.875197323201151,5.8888779583328805,0.6109597396011685,8.368925174747135
378,1,0,0,0,0,2,0,8.029432840581242,0.0,4.276666119016055,6.175867270105761,0.6931471805599453,8.029432840581242
379,1,1,2,0,0,2,1,8.592671652592143,0.0,4.875197323201151,5.8888779583328805,0.6931471805599453,8.592671652592143
380,1,1,0,0,0,1,1,8.111928063310739,7.824445930877618,4.859812404361672,5.8888779583328805,0.6931471805599453,8.671458150427666
381,1,0,0,0,0,1,1,8.689801056022553,8.350666240520923,5.6937321388027,5.8888779583328805,0.6931471805599453,9.22759072538271
382,0,0,0,0,0,2,1,8.699681400989512,0.0,5.056245805348308,5.8888779583328805,0.6931471805599453,8.699681400989512
383,1,0,0,0,1,2,1,8.877381954654766,0.0,4.859812404361672,5.8888779583328805,0.6931471805599453,8.877381954654766
384,1,1,2,0,0,2,0,8.426611813184998,0.0,4.61512051684126,5.8888779583328805,0.6931471805599453,8.426611813184998
385,1,0,1,0,0,2,1,8.207401833376355,0.0,4.736198448394496,5.198497031265825,0.6931471805599453,8.207401833376355
386,1,0,0,1,0,1,1,7.760893195851024,7.3783837129967145,4.890349128221754,5.8888779583328805,0.6931471805599453,8.280711075662847
387,1,1,0,1,0,2,0,8.010027528481734,8.051022208190679,4.993232487627909,5.8888779583328805,0.0,8.72371943690701
388,1,1,0,0,0,2,1,7.755338812846501,7.790696031174738,4.919980925828125,5.8888779583328805,0.6931471805599453,8.46611040118692
389,1,1,0,0,0,0,1,8.610501368549889,0.0,4.836281906951478,5.8888779583328805,0.6931471805599453,8.610501368549889
390,1,0,3,0,0,0,1,9.12347443895452,0.0,5.225746673713201,5.8888779583328805,0.6931471805599453,9.12347443895452
391,1,1,3,0,0,0,1,9.15957325492253,0.0,5.62040086571715,5.8888779583328805,0.6931471805599453,9.15957325492253
392,1,1,0,0,0,2,1,7.857093864902493,7.65728279297819,4.795790545596741,5.8888779583328805,0.6109597396011685,8.455104999102815
393,1,1,2,1,0,1,1,7.597897950521784,7.3938782901077555,4.736198448394496,5.198497031265825,0.6931471805599453,8.193953023563742
394,1,1,2,0,0,2,1,8.03947991910045,7.244941546337007,4.736198448394496,5.8888779583328805,0.6931471805599453,8.412054873292933
395,1,1,2,0,0,1,1,8.094683648698814,6.184148890937483,4.9126548857360515,5.8888779583328805,0.6109597396011685,8.232440158470336
396,0,0,0,0,0,2,0,8.064950891749143,0.0,4.276666119016055,5.8888779583328805,0.0,8.064950891749143
397,1,1,0,0,0,2,1,8.017637159908478,7.286191714702382,4.564348191467836,5.8888779583328805,0.6931471805599453,8.41027590907016
398,1,0,0,1,0,0,1,8.269500767180615,7.418780882750793,4.700480365792416,5.8888779583328805,0.6931471805599453,8.624970783589669
399,0,0,0,0,0,1,0,7.313886831633462,7.496097345175956,4.6443908991413725,5.8888779583328805,0.0,8.101980731853192
400,1,1,2,1,0,2,0,7.969011781106477,0.0,3.828641396489095,5.198497031265825,0.0,7.969011781106477
401,1,0,0,1,0,0,0,7.921535632133549,0.0,4.189654742026425,5.707110264748875,0.6931471805599453,7.921535632133549
402,1,0,0,0,0,1,1,7.824445930877618,9.903537551286169,4.6443908991413725,5.8888779583328805,0.6931471805599453,10.02131503164933
403,0,0,0,1,0,1,1,7.582738488914411,0.0,3.988984046564274,5.8888779583328805,0.6931471805599453,7.582738488914411
404,0,0,0,0,1,0,0,8.914894908906568,0.0,5.272999558563747,5.8888779583328805,0.6931471805599453,8.914894908906568
405,0,0,0,0,0,1,1,8.422442854870427,0.0,4.7535901911063645,5.8888779583328805,0.6931471805599453,8.422442854870427
406,1,1,0,1,0,2,1,7.681560362559536,7.783640596221253,4.7535901911063645,5.8888779583328805,0.6931471805599453,8.426830751335846
407,0,0,0,1,0,0,1,7.702556113268582,0.0,4.204692619390966,5.8888779583328805,0.6931471805599453,7.702556113268582
408,1,1,1,0,0,1,0,9.024131268455035,0.0,5.030437921392435,5.707110264748875,0.0,9.024131268455035
409,1,1,3,0,0,0,0,11.30221677925738,0.0,5.8888779583328805,5.8888779583328805,0.0,11.30221677925738
410,0,0,1,1,1,1,0,8.260492856573185,0.0,4.143134726391533,5.8888779583328805,0.6931471805599453,8.260492856573185
411,1,1,0,0,0,2,1,8.741456115998362,0.0,5.081404364984463,5.8888779583328805,0.6109597396011685,8.741456115998362
412,1,1,0,1,0,0,0,8.715552125907816,0.0,5.389071729816501,5.8888779583328805,0.0,8.715552125907816
413,1,1,0,1,0,0,1,7.720461694599721,7.617759576608505,4.709530201312334,5.8888779583328805,0.6931471805599453,8.363342466597977
414,0,1,0,1,0,1,0,7.673223121121708,8.08271113423758,5.187385805840755,5.8888779583328805,0.0,8.591743922680534
415,0,0,0,0,0,2,1,8.00503334463711,0.0,4.110873864173311,5.8888779583328805,0.6931471805599453,8.00503334463711
416,0,0,1,0,0,2,0,7.8636512654486515,0.0,5.081404364984463,5.8888779583328805,0.6931471805599453,7.8636512654486515
417,1,1,2,0,1,2,0,7.3783837129967145,9.903537551286169,5.480638923341991,5.8888779583328805,0.6931471805599453,9.980494888896912
418,1,1,0,0,0,0,1,6.933423025730715,7.928045600874777,4.727387818712341,5.8888779583328805,0.6931471805599453,8.242493153187626
419,1,1,0,0,0,1,1,8.085486772102845,7.257002707092073,4.9344739331306915,5.8888779583328805,0.6931471805599453,8.447628728030327
420,1,1,0,0,0,0,1,8.670772279344538,0.0,4.9344739331306915,5.8888779583328805,0.6931471805599453,8.670772279344538
421,0,0,0,1,0,2,0,7.908754738783246,0.0,4.394449154672438,5.8377304471659395,0.0,7.908754738783246
422,1,1,0,0,0,2,1,7.5071410797276075,7.450079569807499,4.61512051684126,5.8888779583328805,0.6931471805599453,8.17188200612782
423,1,1,1,0,0,2,0,8.888894669371592,7.419380582918691,4.709530201312334,5.8377304471659395,0.0,9.095826985187422
424,1,1,0,0,0,1,1,9.60784051043005,0.0,4.574710978503383,5.8888779583328805,0.6931471805599453,9.60784051043005
425,1,1,0,0,0,0,1,7.888709524182014,8.366602832783736,4.804021044733257,5.8888779583328805,0.6931471805599453,8.848939995030118
426,0,0,1,1,0,0,0,8.435332164935916,0.0,4.406719247264253,5.8888779583328805,0.6931471805599453,8.435332164935916
427,1,1,2,0,0,1,1,8.688790784847216,0.0,4.897839799950911,5.8888779583328805,0.6931471805599453,8.688790784847216
428,1,1,0,0,0,0,1,7.979681302387741,2.8402474197790153,4.477336814478206,5.8888779583328805,0.6931471805599453,7.9851847886683345
429,1,0,0,1,0,2,1,7.907651594711089,0.0,4.110873864173311,5.198497031265825,0.6931471805599453,7.907651594711089
430,0,0,1,0,1,1,1,9.06242024189956,0.0,5.017279836814924,5.8888779583328805,0.6931471805599453,9.06242024189956
431,1,0,0,0,0,0,0,8.77971129020447,0.0,4.663439094112067,5.8888779583328805,0.0,8.77971129020447
432,1,0,0,0,0,1,1,9.463198053273784,0.0,6.0063531596017325,5.8888779583328805,0.6931471805599453,9.463198053273784
433,1,1,0,0,0,1,1,7.793999089503995,7.75833346749091,4.969813299576001,5.8888779583328805,0.6931471805599453,8.469262657658687
434,1,0,0,0,0,2,1,8.229777750081887,0.0,4.61512051684126,5.8888779583328805,0.6931471805599453,8.229777750081887
435,0,1,0,0,0,1,1,9.21512888870798,0.0,4.993232487627909,5.484796933490655,0.6931471805599453,9.21512888870798
436,1,0,0,0,0,1,1,7.563719668414366,7.524021415206125,3.9318256327243257,5.8888779583328805,0.6931471805599453,8.236950048061455
437,1,1,0,0,0,2,1,7.702556113268582,7.026426808699635,4.993232487627909,5.8888779583328805,0.6931471805599453,8.113426639943654
438,1,0,0,0,1,2,0,9.251194365984448,0.0,5.236441962829949,5.8888779583328805,0.0,9.251194365984448
439,0,1,0,1,1,0,1,8.873888135154973,0.0,4.9344739331306915,5.8888779583328805,0.6931471805599453,8.873888135154973
440,1,0,0,0,0,1,1,8.205491613120236,8.530109416682784,5.236441962829949,5.8888779583328805,0.6931471805599453,9.073947747070628
441,1,1,0,0,0,0,1,8.974871170971335,7.51425465281641,5.198497031265825,5.8888779583328805,0.6931471805599453,9.1834829178063
442,1,0,3,1,0,1,1,8.457018468380166,7.597897950521784,5.003946305945459,5.8888779583328805,0.6931471805599453,8.81001204797317
443,1,0,1,0,0,1,1,10.537945736747394,0.0,5.030437921392435,5.8888779583328805,0.6931471805599453,10.537945736747394
444,1,1,0,0,0,0,1,8.900276348631271,9.028098811982398,5.170483995038151,5.707110264748875,0.6109597396011685,9.659311868393488
445,1,1,1,0,1,0,1,8.151044945685022,7.099201743553092,4.875197323201151,5.8888779583328805,0.6931471805599453,8.450412157725886
446,1,1,2,1,0,0,1,8.445267451844648,0.0,4.709530201312334,5.8888779583328805,0.6931471805599453,8.445267451844648
447,1,1,0,0,0,0,0,8.17188200612782,7.227662498728654,4.025351690735149,5.8888779583328805,0.6931471805599453,8.500250470685925
448,1,1,2,0,0,0,0,8.114025442356755,7.444833273892193,5.017279836814924,5.8888779583328805,0.0,8.527341522468053
449,1,0,1,1,1,1,0,7.9266025991813835,7.341483852363161,5.25227342804663,5.8888779583328805,0.6109597396011685,8.369157112588832
450,1,1,2,1,0,0,0,7.745002803515839,7.135687347028144,4.836281906951478,5.8888779583328805,0.0,8.178919332848396
451,1,1,2,1,0,2,1,7.58018941794454,7.284134806195205,4.110873864173311,5.707110264748875,0.6109597396011685,8.13593277200489
452,1,1,0,0,0,0,0,8.281217661286648,7.458186157340487,5.0106352940962555,5.8888779583328805,0.0,8.645058562414134
453,1,1,0,0,0,0,1,7.817625443053369,7.810758116529357,4.51085950651685,5.198497031265825,0.0,8.507142855562735
454,1,0,0,0,1,1,1,8.865876285425417,0.0,4.442651256490317,5.8888779583328805,0.6931471805599453,8.865876285425417
455,1,1,2,0,0,1,1,8.258422462458876,0.0,4.574710978503383,5.8888779583328805,0.6931471805599453,8.258422462458876
456,1,1,0,0,0,2,1,8.366835309827675,0.0,4.77912349311153,5.8888779583328805,0.6931471805599453,8.366835309827675
457,1,1,0,0,0,2,0,8.21851757748959,7.851661177889265,5.159055299214529,5.8888779583328805,0.6931471805599453,8.744806737401898
458,1,0,2,0,0,0,1,8.379079889286603,0.0,4.919980925828125,5.8888779583328805,0.6931471805599453,8.379079889286603
459,1,1,0,0,0,1,0,9.028218795184895,0.0,5.081404364984463,5.8888779583328805,0.6931471805599453,9.028218795184895
460,1,1,0,0,1,1,1,7.642044402873258,8.314832179284556,5.081404364984463,5.8888779583328805,0.6109597396011685,8.726967774991493
461,1,1,3,0,0,2,1,8.954286157204713,0.0,4.859812404361672,5.198497031265825,0.6931471805599453,8.954286157204713
462,1,1,0,0,0,0,1,8.011686729127847,7.691200097522863,5.036952602413629,5.8888779583328805,0.6931471805599453,8.557182839632395
463,0,0,1,1,0,1,1,8.554874258383926,0.0,4.890349128221754,5.8888779583328805,0.6931471805599453,8.554874258383926
464,1,0,0,0,0,1,0,8.334951631422452,0.0,4.59511985013459,5.8888779583328805,0.0,8.334951631422452
465,1,0,0,0,0,0,1,8.699681400989512,0.0,4.948759890378168,5.8888779583328805,0.6931471805599453,8.699681400989512
466,1,1,3,1,0,2,0,7.988882253309227,7.4175804024145435,4.2626798770413155,5.198497031265825,0.0,8.436416881388949
467,1,1,0,0,0,1,1,9.722744748855387,0.0,4.709530201312334,5.8888779583328805,0.6931471805599453,9.722744748855387
468,0,1,2,1,0,1,1,5.351858133476067,7.978653729082731,4.59511985013459,5.8888779583328805,0.6931471805599453,8.048149101665201
469,1,1,0,0,0,2,0,8.374246182096304,7.8046592970561015,4.709530201312334,5.8888779583328805,0.6931471805599453,8.82246957226897
470,1,1,1,0,1,1,1,8.146419323098003,7.640123172695364,5.093750200806762,5.8888779583328805,0.6931471805599453,8.61794309451638
471,1,1,1,1,0,0,0,7.8838232148921525,7.313886831633462,4.736198448394496,5.198497031265825,0.0,8.331827004436057
472,1,1,3,0,0,1,1,8.453614209773367,0.0,4.61512051684126,5.8888779583328805,0.6931471805599453,8.453614209773367
473,0,0,0,0,1,2,1,7.824445930877618,0.0,4.543294782270004,5.8888779583328805,0.6109597396011685,7.824445930877618
474,1,0,2,0,0,0,1,8.618485442898109,8.444407421690585,5.093750200806762,5.8888779583328805,0.6931471805599453,9.228278517107196
475,1,1,2,0,1,0,1,9.712690177261129,6.922643891475888,5.017279836814924,5.8888779583328805,0.6931471805599453,9.772239265926174
476,1,1,2,0,0,1,1,8.81001204797317,7.467942332285851,5.442417710521793,5.707110264748875,0.6931471805599453,9.042040056544481
477,1,1,2,0,0,1,0,7.96346006663897,7.5352967024440884,4.890349128221754,5.8888779583328805,0.0,8.465057436995709
478,1,1,1,0,1,1,1,9.721245992542343,7.719129840906732,4.465908118654584,5.8888779583328805,0.6931471805599453,9.847869128773116
479,1,1,2,0,0,2,0,7.988882253309227,7.380255788426459,4.993232487627909,5.8888779583328805,0.6931471805599453,8.423102268016642
480,0,0,0,1,0,0,1,8.37816098272068,0.0,5.043425116919247,5.8888779583328805,0.6931471805599453,8.37816098272068
481,1,1,3,1,0,0,1,8.037866234709618,0.0,4.736198448394496,5.8888779583328805,0.6931471805599453,8.037866234709618
482,1,1,0,0,0,1,1,7.642044402873258,8.055475141757274,4.859812404361672,5.8888779583328805,0.6931471805599453,8.56293108309009
483,1,1,0,0,0,1,1,9.290444616217844,0.0,5.459585514144159,5.8888779583328805,0.6931471805599453,9.290444616217844
484,1,1,2,0,0,1,1,9.028098811982398,0.0,5.5093883366279774,5.8888779583328805,0.6931471805599453,9.028098811982398
485,1,1,1,1,0,0,1,7.58018941794454,7.798523053625206,4.882801922586371,5.8888779583328805,0.6931471805599453,8.388222810119277
486,1,0,2,0,0,0,0,8.17413934342947,0.0,4.394449154672438,5.8888779583328805,0.0,8.17413934342947
487,1,1,1,0,0,2,0,9.816512538521721,0.0,6.2166061010848646,5.8888779583328805,0.6931471805599453,9.816512538521721
488,1,1,2,0,1,1,1,8.430327258394575,7.642044402873258,5.081404364984463,5.8888779583328805,0.6931471805599453,8.80492526261806
489,1,0,0,0,0,2,0,7.798112628829787,0.0,4.330733340286331,5.8888779583328805,0.6931471805599453,7.798112628829787
490,1,0,0,1,0,1,1,7.90100705199242,7.932362154339751,4.574710978503383,5.8888779583328805,0.6109597396011685,8.60977237270933
491,1,1,1,1,0,2,1,8.58185670474196,7.031741258763128,5.231108616854587,5.8888779583328805,0.6109597396011685,8.774158291205957
492,1,0,0,1,0,0,1,8.213923595622742,0.0,4.709530201312334,5.8888779583328805,0.6931471805599453,8.213923595622742
493,0,0,0,1,1,1,1,9.756378687497916,0.0,5.420534999272285,5.8888779583328805,0.6931471805599453,9.756378687497916
494,1,1,0,0,0,0,0,8.188133414510478,7.67693714581808,4.787491742782046,5.8888779583328805,0.0,8.657824321155983
495,0,1,1,0,0,1,1,8.109826276018476,6.81783057145415,4.663439094112067,4.442651256490317,0.6931471805599453,8.352318548226004
496,1,1,0,1,0,0,1,7.8636512654486515,7.438971592395862,4.68213122712422,5.8888779583328805,0.6931471805599453,8.366602832783736
497,1,1,0,0,0,2,1,8.439447842791385,7.957877358489813,4.718498871295094,2.5649493574615367,0.6109597396011685,8.920389060080359
498,1,1,1,0,1,1,1,7.971085753505607,0.0,4.564348191467836,5.8888779583328805,0.6931471805599453,7.971085753505607
499,1,0,0,0,0,0,0,8.745761999375512,8.393216011596525,5.3471075307174685,5.8888779583328805,0.0,9.277999020449997
500,0,0,0,0,0,0,1,6.470799503782602,8.211754397375197,4.736198448394496,6.175867270105761,0.6931471805599453,8.37309184744198
501,0,0,0,0,0,1,1,8.058327306580958,0.0,4.61512051684126,5.8888779583328805,0.6931471805599453,8.058327306580958
502,1,1,2,0,0,1,1,8.490027523343468,8.63497622707262,5.342334251964811,5.8888779583328805,0.6931471805599453,9.258177701390343
503,1,1,1,1,0,0,0,8.30671904320269,8.57602797713713,4.9344739331306915,5.8888779583328805,0.6109597396011685,9.14345242643455
504,1,1,0,1,0,1,1,8.246695943718557,7.302496423727326,4.828313737302301,5.707110264748875,0.6931471805599453,8.575084669832014
505,1,1,2,0,0,0,1,8.163656176168432,8.393216011596525,5.497168225293201,5.8888779583328805,0.6931471805599453,8.978029932837156
506,1,1,0,0,0,2,1,9.944341546544393,8.805075243870684,6.175867270105761,5.8888779583328805,0.6109597396011685,10.221977646629885
507,1,0,0,0,0,2,0,8.18423477409482,0.0,4.574710978503383,5.8888779583328805,0.6931471805599453,8.18423477409482
508,1,1,0,0,1,2,1,7.8160138391590275,8.01102337918644,5.241747015059643,5.8888779583328805,0.6931471805599453,8.61122983334262
509,0,0,1,0,0,2,1,9.492733482494353,0.0,3.7135720667043075,5.8888779583328805,0.6931471805599453,9.492733482494353
510,1,0,0,1,0,0,0,8.188411308079031,7.160845906664298,4.61512051684126,5.8888779583328805,0.6931471805599453,8.494129251817686
511,1,1,1,0,0,1,1,8.710454688248527,7.603399339740669,5.5254529391317835,5.8888779583328805,0.6931471805599453,8.995908761263994
512,1,1,2,0,0,2,1,8.096817470572319,7.618742377670413,5.003946305945459,5.8888779583328805,0.6931471805599453,8.579040594742317
513,1,1,0,0,0,1,0,7.664346632098617,8.80492526261806,4.2626798770413155,5.198497031265825,0.6931471805599453,9.082166033252674
514,1,0,0,0,0,0,0,8.668368019213355,8.207129168071326,5.7430031878094825,5.8888779583328805,0.6931471805599453,9.157150543462063
515,1,1,3,0,0,0,1,8.151044945685022,8.14002395246292,5.017279836814924,5.8888779583328805,0.6931471805599453,8.838551790227402
516,0,1,2,0,0,1,1,7.616775808698372,7.398174092970465,4.736198448394496,6.175867270105761,0.6931471805599453,8.20631072579402
517,1,1,0,1,0,1,0,8.031060180240617,7.496097345175956,4.820281565605037,5.8888779583328805,0.0,8.491875383431948
518,1,0,0,0,0,1,0,8.451907724717607,7.557994958530806,5.225746673713201,5.8888779583328805,0.6931471805599453,8.794673401383422
519,0,0,0,1,0,0,0,8.131824785007195,0.0,4.564348191467836,5.8888779583328805,0.6931471805599453,8.131824785007195
520,1,1,2,1,0,1,1,7.693025748417888,7.463363045520021,3.828641396489095,5.8888779583328805,0.6931471805599453,8.277666160851503
521,1,0,0,0,0,1,1,7.824445930877618,0.0,4.025351690735149,5.8888779583328805,0.6931471805599453,7.824445930877618
522,1,1,3,0,1,0,1,8.644354337032917,7.26192709270275,4.61512051684126,5.8888779583328805,0.6931471805599453,8.868131713503033
523,1,1,2,0,1,0,1,8.980801413573113,8.877242435993919,6.175867270105761,5.8888779583328805,0.6931471805599453,9.623442907213558
524,1,0,0,0,0,1,0,8.45126704130007,7.643961949002529,4.993232487627909,5.8888779583328805,0.6931471805599453,8.81996090128606
525,1,1,2,0,1,0,1,9.770013301136157,0.0,5.993961427306569,5.8888779583328805,0.6931471805599453,9.770013301136157
526,1,1,0,0,0,1,1,8.236420527265391,0.0,4.709530201312334,5.8888779583328805,0.6931471805599453,8.236420527265391
527,1,1,1,1,0,1,1,8.572817095164234,7.266128779556451,5.087596335232384,5.8888779583328805,0.0,8.812248018197431
528,1,0,1,1,0,1,1,7.893572073504902,7.172424577124845,4.553876891600541,5.8888779583328805,0.6931471805599453,8.289539484624141
529,1,0,0,1,0,1,1,8.822322177471738,0.0,4.875197323201151,5.8888779583328805,0.6931471805599453,8.822322177471738
530,1,1,0,0,0,0,1,6.933423025730715,8.612685172875457,5.37989735354046,5.8888779583328805,0.6109597396011685,8.783549477153265
531,1,1,3,0,0,2,1,8.362175469149628,0.0,4.61512051684126,5.8888779583328805,0.6931471805599453,8.362175469149628
532,1,0,2,0,0,0,0,8.185628891147607,0.0,4.709530201312334,5.8888779583328805,0.0,8.185628891147607
533,1,0,1,0,0,1,0,9.328212292571072,0.0,5.2832037287379885,5.8888779583328805,0.6109597396011685,9.328212292571072
534,0,0,0,1,1,2,1,9.80730699406216,0.0,4.836281906951478,5.8888779583328805,0.6931471805599453,9.80730699406216
535,1,0,0,1,0,0,1,7.844240718141811,7.622174594817622,4.844187086458591,5.8888779583328805,0.6931471805599453,8.432288684325794
536,1,1,0,0,0,2,1,8.721602344674196,8.27052509505507,5.783825182329737,5.8888779583328805,0.6931471805599453,9.21433239324572
537,1,0,2,0,0,1,1,8.19367666595524,0.0,4.68213122712422,5.8888779583328805,0.6931471805599453,8.19367666595524
538,1,1,0,1,0,0,0,7.978653729082731,6.285998094508864,4.204692619390966,5.8888779583328805,0.6931471805599453,8.147288258706624
539,1,1,3,0,0,0,1,8.766861821669801,0.0,5.062595033026967,5.198497031265825,0.6931471805599453,8.766861821669801
540,0,1,1,0,0,1,1,8.435766192720507,7.953669778649798,4.948759890378168,5.198497031265825,0.6931471805599453,8.916506080039204
541,0,0,0,0,0,1,0,7.668093709082405,0.0,4.605170185988091,5.8888779583328805,0.0,7.668093709082405
542,0,0,1,0,0,1,1,8.203304026795282,0.0,4.564348191467836,5.8888779583328805,0.6931471805599453,8.203304026795282
543,1,1,1,1,0,2,1,7.7142311448490855,7.83399634170946,4.859812404361672,5.8888779583328805,0.6931471805599453,8.46884293047519
544,0,1,0,1,0,1,1,8.012349639327795,6.498282149476434,4.634728988229636,5.8888779583328805,0.6109597396011685,8.210939733379021
545,1,1,0,0,0,0,1,7.926241523170962,7.576097340623111,5.049856007249537,5.8888779583328805,0.6931471805599453,8.459352191726387
546,1,0,0,1,0,1,0,8.119398589612292,0.0,4.394449154672438,3.6109179126442243,0.6931471805599453,8.119398589612292
547,1,0,0,0,0,0,1,7.834788107388194,7.486613313139954,4.983606621708336,5.8888779583328805,0.6931471805599453,8.368693183097793
548,0,0,0,0,0,1,0,8.517393171418904,0.0,4.6443908991413725,5.8888779583328805,0.0,8.517393171418904
549,1,1,0,0,0,0,1,7.932362154339751,7.6093665379542115,4.709530201312334,5.8888779583328805,0.6931471805599453,8.476787776781197
550,1,1,2,0,1,0,0,8.799963219506997,0.0,4.993232487627909,5.8888779583328805,0.0,8.799963219506997
551,1,1,1,1,0,0,1,7.821242083523558,7.773173680482535,4.993232487627909,5.8888779583328805,0.6931471805599453,8.490438454107418
552,1,1,1,0,0,2,1,8.111928063310739,8.086717920303904,5.0689042022202315,5.8888779583328805,0.6931471805599453,8.792397742356906
553,1,1,0,1,0,2,0,7.805882040228621,7.755338812846501,5.204006687076795,5.8888779583328805,0.0,8.473868066677863
554,1,1,0,0,0,0,0,8.187021067343505,8.358666283188,4.890349128221754,5.198497031265825,0.0,8.969541885423252
555,1,1,1,0,0,1,1,8.606851063346772,6.940222469119639,3.295836866004329,5.8888779583328805,0.6931471805599453,8.77971129020447
556,0,0,0,0,0,2,1,7.889084407035514,7.3938782901077555,4.442651256490317,5.8888779583328805,0.6109597396011685,8.36474106822456
557,1,1,3,0,1,1,1,9.224243277145174,0.0,5.564520407322693,5.8888779583328805,0.6931471805599453,9.224243277145174
558,1,1,0,0,0,1,1,8.265650165580329,7.889833751394295,5.093750200806762,5.8888779583328805,0.6931471805599453,8.788288460263619
559,0,1,0,0,0,1,1,8.338305731356565,7.7437032581737535,5.2094861528414205,5.8888779583328805,0.6931471805599453,8.777555453213054
560,1,1,2,1,0,1,1,8.209580483475577,5.493061443340548,4.6913478822291435,5.8888779583328805,0.6931471805599453,8.273336598504486
561,0,1,1,0,1,1,1,9.87740021777281,0.0,6.398594934535208,5.8888779583328805,0.6931471805599453,9.87740021777281
562,1,1,0,0,0,0,1,8.68676717538769,7.628031126930335,5.356586274672012,5.8888779583328805,0.6931471805599453,8.984443032465352
563,1,0,0,1,1,1,1,8.665785595466064,0.0,4.890349128221754,5.8888779583328805,0.6931471805599453,8.665785595466064
564,1,1,2,0,0,2,0,9.082507000466297,0.0,5.556828061699537,5.8888779583328805,0.0,9.082507000466297
565,1,1,0,1,0,0,1,8.404696160189092,0.0,4.795790545596741,5.8888779583328805,0.6109597396011685,8.404696160189092
566,1,0,0,0,0,2,1,8.111928063310739,0.0,4.2626798770413155,5.8888779583328805,0.6931471805599453,8.111928063310739
567,1,1,3,0,0,0,0,8.131824785007195,7.824445930877618,4.820281565605037,5.8888779583328805,0.0,8.682877107057168
568,0,0,0,0,0,2,0,7.774435510302958,0.0,2.3025850929940455,5.8888779583328805,0.6931471805599453,7.774435510302958
569,1,1,0,0,0,2,0,8.06054004653864,7.632885505395133,4.653960350157523,5.8888779583328805,0.0,8.56235774337061
570,1,1,1,0,0,2,1,8.136810863675535,7.467942332285851,5.231108616854587,5.8888779583328805,0.6931471805599453,8.550241045462437
571,1,1,0,0,0,2,0,8.54032360880509,7.280697195384741,5.111987788356543,5.8888779583328805,0.0,8.789964651132264
572,1,1,2,0,0,2,1,9.721185995542175,0.0,5.62040086571715,5.8888779583328805,0.6931471805599453,9.721185995542175
573,1,1,2,1,0,1,0,8.72029728739272,7.3938782901077555,5.236441962829949,6.175867270105761,0.6931471805599453,8.955577146281511
574,1,1,3,0,0,1,0,8.765146421639022,0.0,5.017279836814924,5.8888779583328805,0.6931471805599453,8.765146421639022
575,1,1,2,0,0,2,1,8.058327306580958,6.135564891081739,4.6913478822291435,4.442651256490317,0.6931471805599453,8.19450550976564
576,1,1,0,0,0,1,0,8.035278911144667,7.701200180857446,4.919980925828125,5.8888779583328805,0.0,8.575084669832014
577,1,0,0,0,0,2,1,8.080237416216702,7.9157131993821155,4.709530201312334,5.8888779583328805,0.6931471805599453,8.694334688168649
578,1,1,1,0,0,0,1,7.48605261786314,7.711101251840158,4.68213122712422,5.8888779583328805,0.6931471805599453,8.297792626380861
579,1,0,0,0,0,2,1,8.065579427282092,7.978653729082731,5.087596335232384,5.8888779583328805,0.6931471805599453,8.716044050161402
580,1,1,2,0,0,1,1,8.785845337961213,0.0,5.327876168789581,5.8888779583328805,0.6931471805599453,8.785845337961213
581,1,0,0,0,0,2,0,7.515889085215125,10.429339710318741,4.51085950651685,5.8888779583328805,0.6931471805599453,10.482177411118249
582,0,1,0,0,0,1,1,8.06054004653864,0.0,3.6109179126442243,5.8888779583328805,0.6931471805599453,8.06054004653864
583,1,1,1,0,0,0,0,7.53955882930103,0.0,4.127134385045092,5.8888779583328805,0.6109597396011685,7.53955882930103
584,1,1,1,0,0,0,0,7.933079771880414,7.559038255443383,4.990432586778736,5.8888779583328805,0.0,8.456381052019479
585,1,1,1,0,0,0,0,8.36264243156764,8.006700845440367,5.153291594497778,4.442651256490317,0.6931471805599453,8.893435440847497
586,1,1,0,0,0,2,1,7.739794458408701,7.328437352895161,4.653960350157523,5.8888779583328805,0.6931471805599453,8.24800570160062
587,0,0,0,1,0,1,1,7.680637427560936,0.0,4.2626798770413155,5.8888779583328805,0.6931471805599453,7.680637427560936
588,1,0,0,0,0,1,1,8.46611040118692,0.0,4.553876891600541,5.8888779583328805,0.6931471805599453,8.46611040118692
589,1,1,2,0,1,1,0,7.910957382845588,0.0,4.672828834461906,5.8888779583328805,0.0,7.910957382845588
590,1,1,0,0,0,1,1,8.006700845440367,8.136518252115291,4.04305126783455,5.198497031265825,0.6931471805599453,8.766705997750515
591,1,1,2,0,1,1,0,8.699681400989512,0.0,5.327876168789581,5.484796933490655,0.6931471805599453,8.699681400989512
592,1,0,3,0,1,1,1,9.143986871426161,0.0,5.680172609017067,5.8888779583328805,0.6931471805599453,9.143986871426161
593,1,1,0,0,0,0,1,8.258422462458876,8.101980731853192,4.962844630259907,5.198497031265825,0.6931471805599453,8.87626525995469
594,1,1,0,0,1,2,1,9.687878048875998,0.0,5.564520407322693,5.8888779583328805,0.6931471805599453,9.687878048875998
595,1,0,0,1,0,0,1,8.251663923605589,0.0,4.709530201312334,5.8888779583328805,0.6931471805599453,8.251663923605589
596,1,1,2,1,1,0,0,8.761550139129644,6.90875477931522,5.236441962829949,5.8888779583328805,0.6931471805599453,8.907070776182687
597,1,0,0,0,0,1,0,8.002359546252707,0.0,4.48863636973214,5.8888779583328805,0.0,8.002359546252707
598,1,1,0,0,1,0,1,9.20673387638207,0.0,5.198497031265825,5.8888779583328805,0.6931471805599453,9.20673387638207
599,1,1,2,0,0,2,1,8.662331957082475,0.0,5.262690188904886,5.8888779583328805,0.6931471805599453,8.662331957082475
600,0,0,3,0,0,2,0,6.0330862217988015,10.637488727104339,5.860786223465865,5.198497031265825,0.6109597396011685,10.647422899928179
601,1,1,0,1,0,0,1,7.970740390007095,7.934871565945176,5.049856007249537,5.8888779583328805,0.6931471805599453,8.645938147306799
602,1,1,3,0,0,2,1,8.648922962094131,0.0,4.859812404361672,5.8888779583328805,0.6931471805599453,8.648922962094131
603,1,0,0,0,0,0,1,8.209852481301272,8.366835309827675,5.153291594497778,5.8888779583328805,0.6931471805599453,8.984443032465352
604,0,1,1,0,0,1,1,9.392745258631441,0.0,6.208590026096629,5.8888779583328805,0.6931471805599453,9.392745258631441
605,1,1,0,1,0,2,0,7.783640596221253,8.243019468989248,4.993232487627909,5.198497031265825,0.6931471805599453,8.732465848349877
606,1,1,1,0,0,1,1,8.131824785007195,7.824445930877618,5.159055299214529,5.8888779583328805,0.6931471805599453,8.682877107057168
607,1,1,2,1,0,0,1,8.291045131081729,7.252762418053187,5.062595033026967,5.8888779583328805,0.6931471805599453,8.593969030218286
608,1,1,0,0,0,0,1,8.081165777725433,7.576097340623111,4.6913478822291435,5.8888779583328805,0.6931471805599453,8.553139318189706
609,0,0,0,0,0,0,1,7.972810784121403,0.0,4.276666119016055,5.8888779583328805,0.6931471805599453,7.972810784121403
610,1,1,3,0,0,0,1,8.320448113956559,0.0,3.7135720667043075,5.198497031265825,0.6931471805599453,8.320448113956559
611,1,1,1,0,0,2,1,8.996280439395015,5.484796933490655,5.537334267018537,5.8888779583328805,0.6931471805599453,9.025575833531088
612,1,1,2,0,0,2,1,8.933796043934857,0.0,5.236441962829949,5.8888779583328805,0.6931471805599453,8.933796043934857
613,0,0,0,0,1,1,0,8.430327258394575,0.0,4.897839799950911,5.8888779583328805,0.0,8.430327258394575
